{
    "name": "root",
    "metadata": {
        "timer_format_version": "0.1.0",
        "start_time_seconds": "1699212452",
        "python_version": "3.9.13 (tags/v3.9.13:6de2ca5, May 17 2022, 16:36:42) [MSC v.1929 64 bit (AMD64)]",
        "command_line_arguments": "C:\\Users\\Batu\\AppData\\Local\\Programs\\Python\\Python39\\Scripts\\mlagents-learn --run-id=1007",
        "mlagents_version": "0.30.0",
        "mlagents_envs_version": "0.30.0",
        "communication_protocol_version": "1.5.0",
        "pytorch_version": "2.1.0+cpu",
        "numpy_version": "1.21.2",
        "end_time_seconds": "1699212511"
    },
    "total": 59.3176501,
    "count": 1,
    "self": 10.011795300000003,
    "children": {
        "run_training.setup": {
            "total": 0.033019999999999605,
            "count": 1,
            "self": 0.033019999999999605
        },
        "TrainerController.start_learning": {
            "total": 49.2728348,
            "count": 1,
            "self": 0.03836740000007666,
            "children": {
                "TrainerController._reset_env": {
                    "total": 7.902725500000001,
                    "count": 1,
                    "self": 7.902725500000001
                },
                "TrainerController.advance": {
                    "total": 41.184747599999916,
                    "count": 1237,
                    "self": 0.03827989999991388,
                    "children": {
                        "env_step": {
                            "total": 40.94976329999995,
                            "count": 1237,
                            "self": 38.869163,
                            "children": {
                                "SubprocessEnvManager._take_step": {
                                    "total": 2.056247799999973,
                                    "count": 1238,
                                    "self": 0.13475319999997915,
                                    "children": {
                                        "TorchPolicy.evaluate": {
                                            "total": 1.9214945999999937,
                                            "count": 1238,
                                            "self": 1.9214945999999937
                                        }
                                    }
                                },
                                "workers": {
                                    "total": 0.024352499999974242,
                                    "count": 1236,
                                    "self": 0.0,
                                    "children": {
                                        "worker_root": {
                                            "total": 14.805397199999952,
                                            "count": 1236,
                                            "is_parallel": true,
                                            "self": 4.441998199999961,
                                            "children": {
                                                "steps_from_proto": {
                                                    "total": 0.00045850000000058344,
                                                    "count": 2,
                                                    "is_parallel": true,
                                                    "self": 0.00014569999999913819,
                                                    "children": {
                                                        "_process_rank_one_or_two_observation": {
                                                            "total": 0.00031280000000144526,
                                                            "count": 4,
                                                            "is_parallel": true,
                                                            "self": 0.00031280000000144526
                                                        }
                                                    }
                                                },
                                                "UnityEnvironment.step": {
                                                    "total": 10.36294049999999,
                                                    "count": 1236,
                                                    "is_parallel": true,
                                                    "self": 0.04813829999991981,
                                                    "children": {
                                                        "UnityEnvironment._generate_step_input": {
                                                            "total": 0.11588809999997629,
                                                            "count": 1236,
                                                            "is_parallel": true,
                                                            "self": 0.11588809999997629
                                                        },
                                                        "communicator.exchange": {
                                                            "total": 10.053913700000045,
                                                            "count": 1236,
                                                            "is_parallel": true,
                                                            "self": 10.053913700000045
                                                        },
                                                        "steps_from_proto": {
                                                            "total": 0.14500040000004777,
                                                            "count": 1236,
                                                            "is_parallel": true,
                                                            "self": 0.0615843000000833,
                                                            "children": {
                                                                "_process_rank_one_or_two_observation": {
                                                                    "total": 0.08341609999996447,
                                                                    "count": 2472,
                                                                    "is_parallel": true,
                                                                    "self": 0.08341609999996447
                                                                }
                                                            }
                                                        }
                                                    }
                                                }
                                            }
                                        }
                                    }
                                }
                            }
                        },
                        "trainer_advance": {
                            "total": 0.19670440000004952,
                            "count": 1236,
                            "self": 0.04067079999999912,
                            "children": {
                                "process_trajectory": {
                                    "total": 0.1560336000000504,
                                    "count": 1236,
                                    "self": 0.1560336000000504
                                }
                            }
                        }
                    }
                },
                "trainer_threads": {
                    "total": 2.0000000020559128e-06,
                    "count": 1,
                    "self": 2.0000000020559128e-06
                },
                "TrainerController._save_models": {
                    "total": 0.14699230000000085,
                    "count": 1,
                    "self": 0.0017487000000002695,